{
  "0": {
    "linear": {
      "acc": 0.44510634293242984,
      "n_params": 5500,
      "comm_mb": 11.492729187011719
    },
    "mlp_h32": {
      "acc": 0.35526315789473684,
      "n_params": 16395,
      "comm_mb": 21.889686584472656
    },
    "mlp_h64": {
      "acc": 0.41228070175438597,
      "n_params": 32779,
      "comm_mb": 43.764686584472656
    },
    "mlp_h128": {
      "acc": 0.4517543859649123,
      "n_params": 65547,
      "comm_mb": 87.51468658447266
    },
    "mlp_h256": {
      "acc": 0.47368421052631576,
      "n_params": 131083,
      "comm_mb": 175.01468658447266
    },
    "mlp2_h128": {
      "acc": 0.4166666666666667,
      "n_params": 73099,
      "comm_mb": 97.59769439697266
    },
    "mlp2_h256": {
      "acc": 0.4166666666666667,
      "n_params": 162571,
      "comm_mb": 217.05570220947266
    }
  },
  "1": {
    "linear": {
      "acc": 0.3986416964677834,
      "n_params": 5500,
      "comm_mb": 11.492729187011719
    },
    "mlp_h32": {
      "acc": 0.38596491228070173,
      "n_params": 16395,
      "comm_mb": 21.889686584472656
    },
    "mlp_h64": {
      "acc": 0.39035087719298245,
      "n_params": 32779,
      "comm_mb": 43.764686584472656
    },
    "mlp_h128": {
      "acc": 0.41228070175438597,
      "n_params": 65547,
      "comm_mb": 87.51468658447266
    },
    "mlp_h256": {
      "acc": 0.4298245614035088,
      "n_params": 131083,
      "comm_mb": 175.01468658447266
    },
    "mlp2_h128": {
      "acc": 0.3815789473684211,
      "n_params": 73099,
      "comm_mb": 97.59769439697266
    },
    "mlp2_h256": {
      "acc": 0.40350877192982454,
      "n_params": 162571,
      "comm_mb": 217.05570220947266
    }
  },
  "2": {
    "linear": {
      "acc": 0.4439864483342744,
      "n_params": 5500,
      "comm_mb": 11.492729187011719
    },
    "mlp_h32": {
      "acc": 0.3815789473684211,
      "n_params": 16395,
      "comm_mb": 21.889686584472656
    },
    "mlp_h64": {
      "acc": 0.3991228070175439,
      "n_params": 32779,
      "comm_mb": 43.764686584472656
    },
    "mlp_h128": {
      "acc": 0.40350877192982454,
      "n_params": 65547,
      "comm_mb": 87.51468658447266
    },
    "mlp_h256": {
      "acc": 0.4692982456140351,
      "n_params": 131083,
      "comm_mb": 175.01468658447266
    },
    "mlp2_h128": {
      "acc": 0.4298245614035088,
      "n_params": 73099,
      "comm_mb": 97.59769439697266
    },
    "mlp2_h256": {
      "acc": 0.4166666666666667,
      "n_params": 162571,
      "comm_mb": 217.05570220947266
    }
  },
  "3": {
    "linear": {
      "acc": 0.43434029738377566,
      "n_params": 5500,
      "comm_mb": 11.492729187011719
    },
    "mlp_h32": {
      "acc": 0.2850877192982456,
      "n_params": 16395,
      "comm_mb": 21.889686584472656
    },
    "mlp_h64": {
      "acc": 0.3684210526315789,
      "n_params": 32779,
      "comm_mb": 43.764686584472656
    },
    "mlp_h128": {
      "acc": 0.40350877192982454,
      "n_params": 65547,
      "comm_mb": 87.51468658447266
    },
    "mlp_h256": {
      "acc": 0.42543859649122806,
      "n_params": 131083,
      "comm_mb": 175.01468658447266
    },
    "mlp2_h128": {
      "acc": 0.34649122807017546,
      "n_params": 73099,
      "comm_mb": 97.59769439697266
    },
    "mlp2_h256": {
      "acc": 0.40789473684210525,
      "n_params": 162571,
      "comm_mb": 217.05570220947266
    }
  },
  "4": {
    "linear": {
      "acc": 0.3967281510759771,
      "n_params": 5500,
      "comm_mb": 11.492729187011719
    },
    "mlp_h32": {
      "acc": 0.35964912280701755,
      "n_params": 16395,
      "comm_mb": 21.889686584472656
    },
    "mlp_h64": {
      "acc": 0.42543859649122806,
      "n_params": 32779,
      "comm_mb": 43.764686584472656
    },
    "mlp_h128": {
      "acc": 0.45614035087719296,
      "n_params": 65547,
      "comm_mb": 87.51468658447266
    },
    "mlp_h256": {
      "acc": 0.4956140350877193,
      "n_params": 131083,
      "comm_mb": 175.01468658447266
    },
    "mlp2_h128": {
      "acc": 0.4824561403508772,
      "n_params": 73099,
      "comm_mb": 97.59769439697266
    },
    "mlp2_h256": {
      "acc": 0.5087719298245614,
      "n_params": 162571,
      "comm_mb": 217.05570220947266
    }
  }
}