{
  "0": {
    "beta_1.0": {
      "session1_acc": 0.7121913580246914,
      "session2_acc": 0.6402116402116402
    },
    "beta_0.99": {
      "session1_acc": 0.7183641975308642,
      "session2_acc": 0.6225749559082892
    },
    "beta_0.95": {
      "session1_acc": 0.6489197530864197,
      "session2_acc": 0.5903880070546736
    },
    "beta_0.9": {
      "session1_acc": 0.6087962962962963,
      "session2_acc": 0.5639329805996472
    },
    "beta_0.85": {
      "session1_acc": 0.5825617283950616,
      "session2_acc": 0.558641975308642
    },
    "lstm_retrained": {
      "session1_acc": 0.4791666666666667,
      "session2_acc": 0.48633156966490293
    }
  },
  "1": {
    "beta_1.0": {
      "session1_acc": 0.6396604938271606,
      "session2_acc": 0.6631393298059964
    },
    "beta_0.99": {
      "session1_acc": 0.6412037037037037,
      "session2_acc": 0.6432980599647267
    },
    "beta_0.95": {
      "session1_acc": 0.5902777777777778,
      "session2_acc": 0.6009700176366843
    },
    "beta_0.9": {
      "session1_acc": 0.5902777777777778,
      "session2_acc": 0.5692239858906525
    },
    "beta_0.85": {
      "session1_acc": 0.5578703703703705,
      "session2_acc": 0.5634920634920635
    },
    "lstm_retrained": {
      "session1_acc": 0.4938271604938272,
      "session2_acc": 0.5180776014109347
    }
  },
  "2": {
    "beta_1.0": {
      "session1_acc": 0.6820987654320988,
      "session2_acc": 0.6988536155202821
    },
    "beta_0.99": {
      "session1_acc": 0.6635802469135803,
      "session2_acc": 0.6895943562610228
    },
    "beta_0.95": {
      "session1_acc": 0.6242283950617283,
      "session2_acc": 0.6194885361552029
    },
    "beta_0.9": {
      "session1_acc": 0.6072530864197531,
      "session2_acc": 0.6044973544973545
    },
    "beta_0.85": {
      "session1_acc": 0.5979938271604938,
      "session2_acc": 0.5974426807760141
    },
    "lstm_retrained": {
      "session1_acc": 0.4868827160493827,
      "session2_acc": 0.5119047619047619
    }
  },
  "3": {
    "beta_1.0": {
      "session1_acc": 0.6720679012345679,
      "session2_acc": 0.6693121693121693
    },
    "beta_0.99": {
      "session1_acc": 0.6651234567901235,
      "session2_acc": 0.671957671957672
    },
    "beta_0.95": {
      "session1_acc": 0.5841049382716049,
      "session2_acc": 0.605379188712522
    },
    "beta_0.9": {
      "session1_acc": 0.5694444444444444,
      "session2_acc": 0.5961199294532628
    },
    "beta_0.85": {
      "session1_acc": 0.5478395061728394,
      "session2_acc": 0.5886243386243386
    },
    "lstm_retrained": {
      "session1_acc": 0.5216049382716048,
      "session2_acc": 0.5180776014109347
    }
  },
  "4": {
    "beta_1.0": {
      "session1_acc": 0.6936728395061729,
      "session2_acc": 0.6384479717813051
    },
    "beta_0.99": {
      "session1_acc": 0.6774691358024691,
      "session2_acc": 0.6313932980599648
    },
    "beta_0.95": {
      "session1_acc": 0.6419753086419752,
      "session2_acc": 0.6009700176366843
    },
    "beta_0.9": {
      "session1_acc": 0.6311728395061729,
      "session2_acc": 0.6049382716049383
    },
    "beta_0.85": {
      "session1_acc": 0.5856481481481481,
      "session2_acc": 0.572310405643739
    },
    "lstm_retrained": {
      "session1_acc": 0.510030864197531,
      "session2_acc": 0.4898589065255731
    }
  }
}