{
  "0": {
    "fedavg_gru_finetune": {
      "acc": 0.8534065234900252,
      "f1": 0.8446988747868497,
      "comm_mb": 47.8912353515625,
      "n_params": 62772
    },
    "feddann": {
      "acc": 0.4945997458703939,
      "f1": 0.4899424121454657,
      "comm_mb": 74.07073974609375,
      "n_params": 97086
    }
  },
  "1": {
    "fedavg_gru_finetune": {
      "acc": 0.8630527199312139,
      "f1": 0.85196623698368,
      "comm_mb": 47.8912353515625,
      "n_params": 62772
    },
    "feddann": {
      "acc": 0.5146124523506989,
      "f1": 0.5156354256213381,
      "comm_mb": 74.07073974609375,
      "n_params": 97086
    }
  },
  "2": {
    "fedavg_gru_finetune": {
      "acc": 0.858930511211136,
      "f1": 0.854574165015846,
      "comm_mb": 47.8912353515625,
      "n_params": 62772
    },
    "feddann": {
      "acc": 0.49872935196950446,
      "f1": 0.5066131555697414,
      "comm_mb": 74.07073974609375,
      "n_params": 97086
    }
  },
  "3": {
    "fedavg_gru_finetune": {
      "acc": 0.8498153556648459,
      "f1": 0.8383122833913612,
      "comm_mb": 47.8912353515625,
      "n_params": 62772
    },
    "feddann": {
      "acc": 0.5031766200762389,
      "f1": 0.5001505554765704,
      "comm_mb": 74.07073974609375,
      "n_params": 97086
    }
  },
  "4": {
    "fedavg_gru_finetune": {
      "acc": 0.8589724866614251,
      "f1": 0.8470515728341734,
      "comm_mb": 47.8912353515625,
      "n_params": 62772
    },
    "feddann": {
      "acc": 0.5057179161372299,
      "f1": 0.5051631041555892,
      "comm_mb": 74.07073974609375,
      "n_params": 97086
    }
  }
}