{
  "bci": {
    "0": {
      "local_only_lstm": {
        "acc": 0.2592592592592593,
        "f1": 0.2518338659559433,
        "comm_mb": 0.0,
        "n_params": 89604,
        "local_epochs": 100
      },
      "fedavg_gru": {
        "acc": 0.27680311890838205,
        "f1": 0.27288038607024084,
        "comm_mb": 64.21279907226562,
        "n_params": 67332
      },
      "fedavg_cnn": {
        "acc": 0.4171539961013645,
        "f1": 0.3904763548578553,
        "comm_mb": 46.756744384765625,
        "n_params": 49028
      },
      "fedavg_tcn": {
        "acc": 0.4580896686159844,
        "f1": 0.4562608095851765,
        "comm_mb": 153.62930297851562,
        "n_params": 161092
      }
    },
    "1": {
      "local_only_lstm": {
        "acc": 0.2417153996101364,
        "f1": 0.23912724811795222,
        "comm_mb": 0.0,
        "n_params": 89604,
        "local_epochs": 100
      },
      "fedavg_gru": {
        "acc": 0.28654970760233917,
        "f1": 0.2838685838973206,
        "comm_mb": 64.21279907226562,
        "n_params": 67332
      },
      "fedavg_cnn": {
        "acc": 0.4834307992202729,
        "f1": 0.45599773266766797,
        "comm_mb": 46.756744384765625,
        "n_params": 49028
      },
      "fedavg_tcn": {
        "acc": 0.4171539961013645,
        "f1": 0.40425220977382476,
        "comm_mb": 153.62930297851562,
        "n_params": 161092
      }
    },
    "2": {
      "local_only_lstm": {
        "acc": 0.25536062378167634,
        "f1": 0.24659340558160128,
        "comm_mb": 0.0,
        "n_params": 89604,
        "local_epochs": 100
      },
      "fedavg_gru": {
        "acc": 0.28654970760233917,
        "f1": 0.2806959919321007,
        "comm_mb": 64.21279907226562,
        "n_params": 67332
      },
      "fedavg_cnn": {
        "acc": 0.44639376218323584,
        "f1": 0.4043090331795046,
        "comm_mb": 46.756744384765625,
        "n_params": 49028
      },
      "fedavg_tcn": {
        "acc": 0.4171539961013645,
        "f1": 0.4066248532466706,
        "comm_mb": 153.62930297851562,
        "n_params": 161092
      }
    },
    "3": {
      "local_only_lstm": {
        "acc": 0.24951267056530213,
        "f1": 0.2463513282917484,
        "comm_mb": 0.0,
        "n_params": 89604,
        "local_epochs": 100
      },
      "fedavg_gru": {
        "acc": 0.27485380116959063,
        "f1": 0.2728070303800474,
        "comm_mb": 64.21279907226562,
        "n_params": 67332
      },
      "fedavg_cnn": {
        "acc": 0.47173489278752434,
        "f1": 0.42552945301428735,
        "comm_mb": 46.756744384765625,
        "n_params": 49028
      },
      "fedavg_tcn": {
        "acc": 0.442495126705653,
        "f1": 0.4377502345216278,
        "comm_mb": 153.62930297851562,
        "n_params": 161092
      }
    },
    "4": {
      "local_only_lstm": {
        "acc": 0.29239766081871343,
        "f1": 0.2841238014601756,
        "comm_mb": 0.0,
        "n_params": 89604,
        "local_epochs": 100
      },
      "fedavg_gru": {
        "acc": 0.2884990253411306,
        "f1": 0.2888407234915111,
        "comm_mb": 64.21279907226562,
        "n_params": 67332
      },
      "fedavg_cnn": {
        "acc": 0.3762183235867446,
        "f1": 0.34572965507499276,
        "comm_mb": 46.756744384765625,
        "n_params": 49028
      },
      "fedavg_tcn": {
        "acc": 0.4191033138401559,
        "f1": 0.40995145122053517,
        "comm_mb": 153.62930297851562,
        "n_params": 161092
      }
    }
  },
  "ninapro": {
    "0": {
      "local_only_lstm": {
        "acc": 0.32425969656720643,
        "f1": 0.28677220491778666,
        "comm_mb": 0.0,
        "n_params": 81460,
        "local_epochs": 100
      },
      "fedavg_gru": {
        "acc": 0.4822109275730623,
        "f1": 0.47888021687623183,
        "comm_mb": 47.8912353515625,
        "n_params": 62772
      },
      "fedavg_cnn": {
        "acc": 0.4812579415501906,
        "f1": 0.4748985928544658,
        "comm_mb": 30.2154541015625,
        "n_params": 39604
      },
      "fedavg_tcn": {
        "acc": 0.4621982210927573,
        "f1": 0.457400372133216,
        "comm_mb": 117.0806884765625,
        "n_params": 153460
      }
    },
    "1": {
      "local_only_lstm": {
        "acc": 0.4318032725360223,
        "f1": 0.40238865273334073,
        "comm_mb": 0.0,
        "n_params": 81460,
        "local_epochs": 100
      },
      "fedavg_gru": {
        "acc": 0.5063532401524777,
        "f1": 0.4995859524891327,
        "comm_mb": 47.8912353515625,
        "n_params": 62772
      },
      "fedavg_cnn": {
        "acc": 0.5009529860228716,
        "f1": 0.4969718407634517,
        "comm_mb": 30.2154541015625,
        "n_params": 39604
      },
      "fedavg_tcn": {
        "acc": 0.4952350698856417,
        "f1": 0.4889810482256808,
        "comm_mb": 117.0806884765625,
        "n_params": 153460
      }
    },
    "2": {
      "local_only_lstm": {
        "acc": 0.37645210221762937,
        "f1": 0.3554514651347075,
        "comm_mb": 0.0,
        "n_params": 81460,
        "local_epochs": 100
      },
      "fedavg_gru": {
        "acc": 0.5082592121982211,
        "f1": 0.5120185516015809,
        "comm_mb": 47.8912353515625,
        "n_params": 62772
      },
      "fedavg_cnn": {
        "acc": 0.5003176620076238,
        "f1": 0.5018329938558501,
        "comm_mb": 30.2154541015625,
        "n_params": 39604
      },
      "fedavg_tcn": {
        "acc": 0.466010165184244,
        "f1": 0.47642856271673395,
        "comm_mb": 117.0806884765625,
        "n_params": 153460
      }
    },
    "3": {
      "local_only_lstm": {
        "acc": 0.3305693292740425,
        "f1": 0.2962247333822354,
        "comm_mb": 0.0,
        "n_params": 81460,
        "local_epochs": 100
      },
      "fedavg_gru": {
        "acc": 0.48570520965692504,
        "f1": 0.4805142192536983,
        "comm_mb": 47.8912353515625,
        "n_params": 62772
      },
      "fedavg_cnn": {
        "acc": 0.5327191867852605,
        "f1": 0.5249636850805544,
        "comm_mb": 30.2154541015625,
        "n_params": 39604
      },
      "fedavg_tcn": {
        "acc": 0.5060355781448539,
        "f1": 0.4944806063664451,
        "comm_mb": 117.0806884765625,
        "n_params": 153460
      }
    },
    "4": {
      "local_only_lstm": {
        "acc": 0.39786002978473023,
        "f1": 0.36121191019456433,
        "comm_mb": 0.0,
        "n_params": 81460,
        "local_epochs": 100
      },
      "fedavg_gru": {
        "acc": 0.5155654383735705,
        "f1": 0.515786468066135,
        "comm_mb": 47.8912353515625,
        "n_params": 62772
      },
      "fedavg_cnn": {
        "acc": 0.5031766200762389,
        "f1": 0.5020824022560311,
        "comm_mb": 30.2154541015625,
        "n_params": 39604
      },
      "fedavg_tcn": {
        "acc": 0.4869758576874206,
        "f1": 0.49005332267649054,
        "comm_mb": 117.0806884765625,
        "n_params": 153460
      }
    }
  },
  "dvs": {
    "0": {
      "local_only_lstm": {
        "acc": 0.23998368780977475,
        "f1": 0.16712021875065353,
        "comm_mb": 0.0,
        "n_params": 1116555,
        "local_epochs": 100
      },
      "fedavg_gru": {
        "acc": 0.5175438596491229,
        "f1": 0.4467805637545927,
        "comm_mb": 1118.5449600219727,
        "n_params": 837771
      },
      "fedavg_cnn": {
        "acc": 0.8201754385964912,
        "f1": 0.8121502186125461,
        "comm_mb": 1264.7485733032227,
        "n_params": 947275
      },
      "fedavg_tcn": {
        "acc": 0.7894736842105263,
        "f1": 0.7844633789728757,
        "comm_mb": 1243.1299209594727,
        "n_params": 931083
      }
    },
    "1": {
      "local_only_lstm": {
        "acc": 0.24834995921952444,
        "f1": 0.16967950728820294,
        "comm_mb": 0.0,
        "n_params": 1116555,
        "local_epochs": 100
      },
      "fedavg_gru": {
        "acc": 0.43859649122807015,