{
  "0": {
    "part_a": {
      "eps_0.0": {
        "acc": 0.469785575048733,
        "delta_sq": 0.0,
        "mse": 0.16516577535205418,
        "excess_risk": 0.0
      },
      "eps_0.003": {
        "acc": 0.469785575048733,
        "delta_sq": 2.155347437514542e-06,
        "mse": 0.16515114241176182,
        "excess_risk": -1.4632940292358398e-05
      },
      "eps_0.01": {
        "acc": 0.4658869395711501,
        "delta_sq": 2.3942042995865147e-05,
        "mse": 0.16502212153540718,
        "excess_risk": -0.00014365381664699362
      },
      "eps_0.03": {
        "acc": 0.4619883040935673,
        "delta_sq": 0.0002152355138807454,
        "mse": 0.1643379976352056,
        "excess_risk": -0.0008277777168485823
      },
      "eps_0.1": {
        "acc": 0.456140350877193,
        "delta_sq": 0.002376376612422367,
        "mse": 0.16268142229980892,
        "excess_risk": -0.0024843530522452584
      },
      "eps_0.3": {
        "acc": 0.4502923976608188,
        "delta_sq": 0.021319108704725902,
        "mse": 0.16205803056557974,
        "excess_risk": -0.0031077447864744367
      }
    },
    "part_b": {
      "chance": 0.25,
      "shared_stats_acc": 0.469785575048733,
      "shared_pers_acc": 0.47173489278752434,
      "indep_stats_acc": 0.4502923976608187,
      "indep_pers_acc": 0.4873294346978558,
      "indep_local_acc": 0.5009746588693956,
      "indep_readout_acc": 0.29239766081871343,
      "raw_linear_local_acc": 0.4873294346978558,
      "raw_linear_global_acc": 0.42300194931773877,
      "local_vs_global_rel_fro": 1.074064572652181,
      "local_vs_global_cosine": 0.2537538856267929
    }
  },
  "1": {
    "part_a": {
      "eps_0.0": {
        "acc": 0.46393762183235865,
        "delta_sq": 0.0,
        "mse": 0.16245058841175503,
        "excess_risk": 0.0
      },
      "eps_0.003": {
        "acc": 0.4658869395711501,
        "delta_sq": 2.3030110393544114e-06,
        "mse": 0.16240713993708292,
        "excess_risk": -4.344847467210866e-05
      },
      "eps_0.01": {
        "acc": 0.46393762183235865,
        "delta_sq": 2.557457325262173e-05,
        "mse": 0.16224965949853262,
        "excess_risk": -0.00020092891322240347
      },
      "eps_0.03": {
        "acc": 0.4600389863547758,
        "delta_sq": 0.0002297031088447612,
        "mse": 0.16168179942501915,
        "excess_risk": -0.0007687889867358799
      },
      "eps_0.1": {
        "acc": 0.4736842105263158,
        "delta_sq": 0.0025273542592508923,
        "mse": 0.16064308252599505,
        "excess_risk": -0.0018075058857599802
      },
      "eps_0.3": {
        "acc": 0.4346978557504873,
        "delta_sq": 0.02248794978691472,
        "mse": 0.1608916057480706,
        "excess_risk": -0.0015589826636844273
      }
    },
    "part_b": {
      "chance": 0.25,
      "shared_stats_acc": 0.46393762183235865,
      "shared_pers_acc": 0.4678362573099416,
      "indep_stats_acc": 0.39766081871345027,
      "indep_pers_acc": 0.4873294346978558,
      "indep_local_acc": 0.49122807017543857,
      "indep_readout_acc": 0.3216374269005848,
      "raw_linear_local_acc": 0.49902534113060426,
      "raw_linear_global_acc": 0.4444444444444444,
      "local_vs_global_rel_fro": 1.0729888810051813,
      "local_vs_global_cosine": 0.26907554268836975
    }
  },
  "2": {
    "part_a": {
      "eps_0.0": {
        "acc": 0.42884990253411304,
        "delta_sq": 0.0,
        "mse": 0.16896467241975996,
        "excess_risk": 0.0
      },
      "eps_0.003": {
        "acc": 0.42884990253411304,
        "delta_sq": 2.234896846352462e-06,
        "mse": 0.1689503507481681,
        "excess_risk": -1.4321671591849272e-05
      },
      "eps_0.01": {
        "acc": 0.42884990253411304,
        "delta_sq": 2.4834611799128146e-05,
        "mse": 0.16884338524606493,
        "excess_risk": -0.00012128717369502828
      },
      "eps_0.03": {
        "acc": 0.442495126705653,
        "delta_sq": 0.00022364891548123624,
        "mse": 0.16824119786421457,
        "excess_risk": -0.0007234745555453892
      },
      "eps_0.1": {
        "acc": 0.44639376218323584,
        "delta_sq": 0.0025001507537025544,
        "mse": 0.16617674711677763,
        "excess_risk": -0.0027879253029823303
      },
      "eps_0.3": {
        "acc": 0.44249512670565305,
        "delta_sq": 0.02308170311152935,
        "mse": 0.16537192298306358,
        "excess_risk": -0.0035927494366963797
      }
    },
    "part_b": {
      "chance": 0.25,
      "shared_stats_acc": 0.42884990253411304,
      "shared_pers_acc": 0.48343079922027293,
      "indep_stats_acc": 0.42884990253411304,
      "indep_pers_acc": 0.4873294346978558,
      "indep_local_acc": 0.49122807017543857,
      "indep_readout_acc": 0.23976608187134504,
      "raw_linear_local_acc": 0.49902534113060426,
      "raw_linear_global_acc": 0.4152046783625731,
      "local_vs_global_rel_fro": 1.0760410494274564,
      "local_vs_global_cosine": 0.2610476050111983
    }
  },
  "3": {
    "part_a": {
      "eps_0.0": {
        "acc": 0.4775828460038986,
        "delta_sq": 0.0,
        "mse": 0.16665858527024588,
        "excess_risk": 0.0
      },
      "eps_0.003": {
        "acc": 0.4775828460038986,
        "delta_sq": 2.269797884461392e-06,
        "mse": 0.16664992769559225,
        "excess_risk": -8.657574653625488e-06
      },
      "eps_0.01": {
        "acc": 0.47758284600389866,
        "delta_sq": 2.521196579942221e-05,
        "mse": 0.1665862732463413,
        "excess_risk": -7.231202390459157e-05
      },
      "eps_0.03": {
        "acc": 0.48927875243664715,
        "delta_sq": 0.0002265524106203682,
        "mse": 0.16624646716647679,
        "excess_risk": -0.0004121181037690935
      },
      "eps_0.1": {
        "acc": 0.47173489278752434,
        "delta_sq": 0.0024886232956002154,
        "mse": 0.1656124409702089,
        "excess_risk": -0.0010461443000369663
      },
      "eps_0.3": {
        "acc": 0.4502923976608187,
        "delta_sq": 0.02151280724340015,
        "mse": 0.16573074294461143,
        "excess_risk": -0.0009278423256344481
      }
    },
    "part_b": {
      "chance": 0.25,
      "shared_stats_acc": 0.4775828460038986,
      "shared_pers_acc": 0.4736842105263157,
      "indep_stats_acc": 0.4327485380116959,
      "indep_pers_acc": 0.4853801169590643,
      "indep_local_acc": 0.48343079922027293,
      "indep_readout_acc": 0.31189083820662766,
      "raw_linear_local_acc": 0.5029239766081871,
      "raw_linear_global_acc": 0.4327485380116959,
      "local_vs_global_rel_fro": 1.076347165637546,
      "local_vs_global_cosine": 0.2591120832496219
    }
  },
  "4": {
    "part_a": {
      "eps_0.0": {
        "acc": 0.4600389863547758,
        "delta_sq": 0.0,
        "mse": 0.16309953232606253,
        "excess_risk": 0.0
      },
      "eps_0.003": {
        "acc": 0.4580896686159844,
        "delta_sq": 2.2665151770221805e-06,
        "mse": 0.16306066347493064,
        "excess_risk": -3.886885113188465e-05
      },
      "eps_0.01": {
        "acc": 0.4600389863547758,
        "delta_sq": 2.519203088821895e-05,
        "mse": 0.16289572914441428,
        "excess_risk": -0.0002038031816482544
      },
      "eps_0.03": {
        "acc": 0.4580896686159844,
        "delta_sq": 0.000227072444330487,
        "mse": 0.1621682279639774,
        "excess_risk": -0.0009313043620851336
      },
      "eps_0.1": {
        "acc": 0.4561403508771929,
        "delta_sq": 0.002551877017443379,
        "mse": 0.16127711534500122,
        "excess_risk": -0.001822416981061309
      },
      "eps_0.3": {
        "acc": 0.43469785575048725,
        "delta_sq": 0.024089678294128843,
        "mse": 0.16265067789289686,
        "excess_risk": -0.00044885443316566853
      }
    },
    "part_b": {
      "chance": 0.25,
      "shared_stats_acc": 0.4600389863547758,
      "shared_pers_acc": 0.5107212475633528,
      "indep_stats_acc": 0.42884990253411304,
      "indep_pers_acc": 0.5048732943469785,