{
  "0": {
    "local_only": {
      "acc": 0.26790537110366536
    },
    "centralized": {
      "acc": 0.2929502487562189
    },
    "fri_lsm_stats": {
      "acc": 0.2929502487562189,
      "comm_mb": 25.835037231445312
    },
    "fri_lsm_stats_pers": {
      "acc": 0.3139154228855721,
      "comm_mb": 25.835037231445312
    },
    "fri_lsm_sketched_m100": {
      "acc": 0.3396716417910448,
      "comm_mb": 1.3523101806640625
    },
    "fri_lsm_sketched_m50": {
      "acc": 0.2937761194029851,
      "comm_mb": 0.43773651123046875
    },
    "fedavg_lstm": {
      "acc": 0.3869047619047619,
      "comm_mb": 8648.49853515625,
      "bptt": true
    },
    "fedavg_snn": {
      "acc": 0.3630952380952381,
      "comm_mb": 2117.63916015625,
      "bptt": true
    },
    "fedprox_snn": {
      "acc": 0.35119047619047616,
      "comm_mb": 2117.63916015625,
      "bptt": true
    },
    "lfnl": {
      "acc": 0.39285714285714285,
      "comm_mb": 7.87353515625,
      "bptt": true
    }
  },
  "1": {
    "local_only": {
      "acc": 0.2857272727272727
    },
    "centralized": {
      "acc": 0.25187878787878787
    },
    "fri_lsm_stats": {
      "acc": 0.2521818181818182,
      "comm_mb": 25.835037231445312
    },
    "fri_lsm_stats_pers": {
      "acc": 0.3462121212121212,
      "comm_mb": 25.835037231445312
    },
    "fri_lsm_sketched_m100": {
      "acc": 0.3040606060606061,
      "comm_mb": 1.3523101806640625
    },
    "fri_lsm_sketched_m50": {
      "acc": 0.2854242424242424,
      "comm_mb": 0.43773651123046875
    },
    "fedavg_lstm": {
      "acc": 0.4647058823529412,
      "comm_mb": 8648.49853515625,
      "bptt": true
    },
    "fedavg_snn": {
      "acc": 0.4176470588235294,
      "comm_mb": 2117.63916015625,
      "bptt": true
    },
    "fedprox_snn": {
      "acc": 0.45294117647058824,
      "comm_mb": 2117.63916015625,
      "bptt": true
    },
    "lfnl": {
      "acc": 0.3352941176470588,
      "comm_mb": 7.87353515625,
      "bptt": true
    }
  },
  "2": {
    "local_only": {
      "acc": 0.2683846153846154
    },
    "centralized": {
      "acc": 0.31171794871794867
    },
    "fri_lsm_stats": {
      "acc": 0.31171794871794867,
      "comm_mb": 25.835037231445312
    },
    "fri_lsm_stats_pers": {
      "acc": 0.3135128205128205,
      "comm_mb": 25.835037231445312
    },
    "fri_lsm_sketched_m100": {
      "acc": 0.36628205128205127,
      "comm_mb": 1.3523101806640625
    },
    "fri_lsm_sketched_m50": {
      "acc": 0.3123333333333333,
      "comm_mb": 0.43773651123046875
    },
    "fedavg_lstm": {
      "acc": 0.4107142857142857,
      "comm_mb": 8648.49853515625,
      "bptt": true
    },
    "fedavg_snn": {
      "acc": 0.43452380952380953,
      "comm_mb": 2117.63916015625,
      "bptt": true
    },
    "fedprox_snn": {
      "acc": 0.44047619047619047,
      "comm_mb": 2117.63916015625,
      "bptt": true
    },
    "lfnl": {
      "acc": 0.2976190476190476,
      "comm_mb": 7.87353515625,
      "bptt": true
    }
  },
  "3": {
    "local_only": {
      "acc": 0.24228358208955222
    },
    "centralized": {
      "acc": 0.3124079601990049
    },
    "fri_lsm_stats": {
      "acc": 0.3124079601990049,
      "comm_mb": 25.835037231445312
    },
    "fri_lsm_stats_pers": {
      "acc": 0.2541791044776119,
      "comm_mb": 25.835037231445312
    },
    "fri_lsm_sketched_m100": {
      "acc": 0.36926865671641784,
      "comm_mb": 1.3523101806640625
    },
    "fri_lsm_sketched_m50": {
      "acc": 0.36670646766169157,
      "comm_mb": 0.43773651123046875
    },
    "fedavg_lstm": {
      "acc": 0.44970414201183434,
      "comm_mb": 8648.49853515625,
      "bptt": true
    },
    "fedavg_snn": {
      "acc": 0.4911242603550296,
      "comm_mb": 2117.63916015625,
      "bptt": true
    },
    "fedprox_snn": {
      "acc": 0.4911242603550296,
      "comm_mb": 2117.63916015625,
      "bptt": true
    },
    "lfnl": {
      "acc": 0.35502958579881655,
      "comm_mb": 7.87353515625,
      "bptt": true
    }
  },
  "4": {
    "local_only": {
      "acc": 0.2765706282513005
    },
    "centralized": {
      "acc": 0.25484193677470984
    },
    "fri_lsm_stats": {
      "acc": 0.25484193677470984,
      "comm_mb": 25.31909942626953
    },
    "fri_lsm_stats_pers": {
      "acc": 0.29263705482192875,
      "comm_mb": 25.31909942626953
    },
    "fri_lsm_sketched_m100": {
      "acc": 0.24983993597438975,
      "comm_mb": 1.3254165649414062
    },
    "fri_lsm_sketched_m50": {
      "acc": 0.30434173669467784,
      "comm_mb": 0.4290580749511719
    },
    "fedavg_lstm": {
      "acc": 0.5029585798816568,
      "comm_mb": 8107.967376708984,
      "bptt": true
    },
    "fedavg_snn": {
      "acc": 0.47928994082840237,
      "comm_mb": 1985.2867126464844,
      "bptt": true
    },
    "fedprox_snn": {
      "acc": 0.4970414201183432,
      "comm_mb": 1985.2867126464844,
      "bptt": true
    },
    "lfnl": {
      "acc": 0.3727810650887574,
      "comm_mb": 7.381439208984375,
      "bptt": true
    }
  }
}