{
  "0": {
    "local_only": {
      "acc": 0.8927996468628774,
      "comm_mb": 0.0
    },
    "centralized": {
      "acc": 0.49236744598235227,
      "comm_mb": 3.273101806640625
    },
    "fri_readout": {
      "acc": 0.30765068105099713,
      "comm_mb": 39.6728515625
    },
    "fri_stats": {
      "acc": 0.49269107057782147,
      "comm_mb": 21.274566650390625
    },
    "fri_stats_pers": {
      "acc": 0.8835075741280842,
      "comm_mb": 21.274566650390625
    },
    "fedavg_lstm": {
      "acc": 0.48506988564167725,
      "comm_mb": 62.1490478515625
    },
    "fedprox_lstm": {
      "acc": 0.47395171537484115,
      "comm_mb": 62.1490478515625
    }
  },
  "1": {
    "local_only": {
      "acc": 0.8983337841055228,
      "comm_mb": 0.0
    },
    "centralized": {
      "acc": 0.4996342107322384,
      "comm_mb": 3.273101806640625
    },
    "fri_readout": {
      "acc": 0.2788231304208047,
      "comm_mb": 39.6728515625
    },
    "fri_stats": {
      "acc": 0.4993167504147781,
      "comm_mb": 21.274566650390625
    },
    "fri_stats_pers": {
      "acc": 0.887196160353243,
      "comm_mb": 21.274566650390625
    },
    "fedavg_lstm": {
      "acc": 0.5082592121982211,
      "comm_mb": 62.1490478515625
    },
    "fedprox_lstm": {
      "acc": 0.48284625158831,
      "comm_mb": 62.1490478515625
    }
  },
  "2": {
    "local_only": {
      "acc": 0.9028182369475968,
      "comm_mb": 0.0
    },
    "centralized": {
      "acc": 0.5001693440158113,
      "comm_mb": 3.273101806640625
    },
    "fri_readout": {
      "acc": 0.3165911995562013,
      "comm_mb": 39.6728515625
    },
    "fri_stats": {
      "acc": 0.4998938619221473,
      "comm_mb": 21.274566650390625
    },
    "fri_stats_pers": {
      "acc": 0.895987591446492,
      "comm_mb": 21.274566650390625
    },
    "fedavg_lstm": {
      "acc": 0.5260482846251588,
      "comm_mb": 62.1490478515625
    },
    "fedprox_lstm": {
      "acc": 0.49332909783989837,
      "comm_mb": 62.1490478515625
    }
  },
  "3": {
    "local_only": {
      "acc": 0.8861600417837371,
      "comm_mb": 0.0
    },
    "centralized": {
      "acc": 0.5087014628148705,
      "comm_mb": 3.273101806640625
    },
    "fri_readout": {
      "acc": 0.3179263784161054,
      "comm_mb": 39.6728515625
    },
    "fri_stats": {
      "acc": 0.5083918652916507,
      "comm_mb": 21.274566650390625
    },
    "fri_stats_pers": {
      "acc": 0.8798892986408247,
      "comm_mb": 21.274566650390625
    },
    "fedavg_lstm": {
      "acc": 0.5231893265565438,
      "comm_mb": 62.1490478515625
    },
    "fedprox_lstm": {
      "acc": 0.4710927573062262,
      "comm_mb": 62.1490478515625
    }
  },
  "4": {
    "local_only": {
      "acc": 0.8938293827162868,
      "comm_mb": 0.0
    },
    "centralized": {
      "acc": 0.4869470942657532,
      "comm_mb": 3.273101806640625
    },
    "fri_readout": {
      "acc": 0.3139734322231241,
      "comm_mb": 39.6728515625
    },
    "fri_stats": {
      "acc": 0.4869470942657532,
      "comm_mb": 21.274566650390625
    },
    "fri_stats_pers": {
      "acc": 0.8862931521386475,
      "comm_mb": 21.274566650390625
    },
    "fedavg_lstm": {
      "acc": 0.5050825921219823,
      "comm_mb": 62.1490478515625
    },
    "fedprox_lstm": {
      "acc": 0.49587039390088944,
      "comm_mb": 62.1490478515625
    }
  }
}