{
  "0": {
    "_B": 65.52191436767573,
    "_d_feat": 1000,
    "frac_0.1": {
      "T_k_avg": 23.0,
      "sigma_dp": 162321.56774036196,
      "sens_bound": 33504.25021068243,
      "param_mse": 105359314060137.81,
      "param_mse_theory": 105393165414755.67,
      "param_mse_rel": 58260090665792.53,
      "W_norm2": 1.8084303140640259,
      "sens_emp_mean": 0.09640772903958957,
      "sens_emp_p95": 0.136765955388546,
      "clean_acc": 0.40545808966861596
    },
    "frac_0.2": {
      "T_k_avg": 46.0,
      "sigma_dp": 81160.78387018098,
      "sens_bound": 16752.125105341216,
      "param_mse": 26301430423879.68,
      "param_mse_theory": 26348291353688.918,
      "param_mse_rel": 21823870391294.254,
      "W_norm2": 1.2051680088043213,
      "sens_emp_mean": 0.0569834234751761,
      "sens_emp_p95": 0.0755392324179411,
      "clean_acc": 0.39766081871345027
    },
    "frac_0.3": {
      "T_k_avg": 69.0,
      "sigma_dp": 54107.189246787326,
      "sens_bound": 11168.083403560811,
      "param_mse": 11716584471702.188,
      "param_mse_theory": 11710351712750.63,
      "param_mse_rel": 12149627631567.322,
      "W_norm2": 0.9643574953079224,
      "sens_emp_mean": 0.04121570929264029,
      "sens_emp_p95": 0.054734868556261064,
      "clean_acc": 0.4327485380116959
    },
    "frac_0.5": {
      "T_k_avg": 115.0,
      "sigma_dp": 32464.313548072394,
      "sens_bound": 6700.850042136487,
      "param_mse": 4220107883369.8135,
      "param_mse_theory": 4215726616590.227,
      "param_mse_rel": 5717637196863.172,
      "W_norm2": 0.7380859851837158,
      "sens_emp_mean": 0.025485582298909626,
      "sens_emp_p95": 0.03480281494557858,
      "clean_acc": 0.456140350877193
    },
    "frac_0.7": {
      "T_k_avg": 161.0,
      "sigma_dp": 23188.795391480282,
      "sens_bound": 4786.321458668919,
      "param_mse": 2156408693500.5867,
      "param_mse_theory": 2150880926831.7485,
      "param_mse_rel": 3337477930068.9,
      "W_norm2": 0.646119236946106,
      "sens_emp_mean": 0.01889909353417655,
      "sens_emp_p95": 0.025585599988698964,
      "clean_acc": 0.4483430799220273
    },
    "frac_1.0": {
      "T_k_avg": 231.0,
      "sigma_dp": 16161.88769709232,
      "sens_bound": 3335.9210166480348,
      "param_mse": 1045194259387.7333,
      "param_mse_theory": 1044826455733.6963,
      "param_mse_rel": 1829437555674.1448,
      "W_norm2": 0.5713199973106384,
      "sens_emp_mean": 0.013326216712594032,
      "sens_emp_p95": 0.01717379027977586,
      "clean_acc": 0.469785575048733
    }
  },
  "1": {
    "_B": 67.28182342529297,
    "_d_feat": 1000,
    "frac_0.1": {
      "T_k_avg": 23.0,
      "sigma_dp": 171143.3153181247,
      "sens_bound": 35325.11753136782,
      "param_mse": 117160106867206.83,
      "param_mse_theory": 117160137512316.2,
      "param_mse_rel": 63065340914556.41,
      "W_norm2": 1.8577574491500854,
      "sens_emp_mean": 0.10169494292388359,
      "sens_emp_p95": 0.13967121839523317,
      "clean_acc": 0.3937621832358674
    },
    "frac_0.2": {
      "T_k_avg": 46.0,
      "sigma_dp": 85571.65765906234,
      "sens_bound": 17662.55876568391,
      "param_mse": 29376174435423.574,
      "param_mse_theory": 29290034378079.05,
      "param_mse_rel": 23049388914938.47,
      "W_norm2": 1.2744882106781006,
      "sens_emp_mean": 0.05983923248946667,
      "sens_emp_p95": 0.07946615889668467,
      "clean_acc": 0.4346978557504873
    },
    "frac_0.3": {
      "T_k_avg": 69.0,
      "sigma_dp": 57047.77177270824,
      "sens_bound": 11775.039177122608,
      "param_mse": 12997881464094.72,
      "param_mse_theory": 13017793056924.03,
      "param_mse_rel": 12192634357140.705,
      "W_norm2": 1.066043734550476,
      "sens_emp_mean": 0.04098044202973445,
      "sens_emp_p95": 0.05391563661396504,
      "clean_acc": 0.4405458089668616
    },
    "frac_0.5": {
      "T_k_avg": 115.0,
      "sigma_dp": 34228.66306362495,
      "sens_bound": 7065.023506273565,
      "param_mse": 4694481739011.413,
      "param_mse_theory": 4686405500492.651,
      "param_mse_rel": 5873110198605.889,
      "W_norm2": 0.7993178367614746,
      "sens_emp_mean": 0.026265016306812564,
      "sens_emp_p95": 0.03518763855099678,
      "clean_acc": 0.47173489278752434
    },
    "frac_0.7": {
      "T_k_avg": 161.0,
      "sigma_dp": 24449.045045446386,
      "sens_bound": 5046.445361623974,
      "param_mse": 2386544029422.933,
      "param_mse_theory": 2391023214537.066,
      "param_mse_rel": 3571242256847.972,
      "W_norm2": 0.6682671904563904,
      "sens_emp_mean": 0.018807709993173678,
      "sens_emp_p95": 0.02362419329583645,
      "clean_acc": 0.4580896686159844
    },
    "frac_1.0": {
      "T_k_avg": 231.0,
      "sigma_dp": 17040.24351652324,
      "sens_bound": 3517.219494465194,
      "param_mse": 1162202141600.4268,
      "param_mse_theory": 1161479596409.6492,
      "param_mse_rel": 2004956049077.7524,
      "W_norm2": 0.5796646475791931,
      "sens_emp_mean": 0.01343307931907475,
      "sens_emp_p95": 0.017259026784449818,
      "clean_acc": 0.46393762183235865
    }
  },
  "2": {
    "_B": 68.16003952026367,
    "_d_feat": 1000,
    "frac_0.1": {
      "T_k_avg": 23.0,
      "sigma_dp": 175632.77621685245,
      "sens_bound": 36251.772093395244,
      "param_mse": 123288612199464.95,
      "param_mse_theory": 123387488326555.89,
      "param_mse_rel": 66960542312063.24,
      "W_norm2": 1.8412128686904907,
      "sens_emp_mean": 0.09980977268268665,
      "sens_emp_p95": 0.14073915109038354,
      "clean_acc": 0.3840155945419103
    },
    "frac_0.2": {
      "T_k_avg": 46.0,
      "sigma_dp": 87816.38810842622,
      "sens_bound": 18125.886046697622,
      "param_mse": 30839236261314.56,
      "param_mse_theory": 30846872081638.973,
      "param_mse_rel": 23958188190891.215,
      "W_norm2": 1.2872107028961182,
      "sens_emp_mean": 0.05715090453003844,
      "sens_emp_p95": 0.0786420650780201,
      "clean_acc": 0.38401559454191037
    },
    "frac_0.3": {
      "T_k_avg": 69.0,
      "sigma_dp": 58544.25873895082,
      "sens_bound": 12083.924031131748,
      "param_mse": 13690451742337.707,
      "param_mse_theory": 13709720925172.879,
      "param_mse_rel": 13968233425836.104,
      "W_norm2": 0.9801133275032043,
      "sens_emp_mean": 0.04221434589475393,
      "sens_emp_p95": 0.05711418893188238,
      "clean_acc": 0.38791423001949316
    },
    "frac_0.5": {
      "T_k_avg": 115.0,
      "sigma_dp": 35126.555243370494,
      "sens_bound": 7250.35441867905,
      "param_mse": 4942640124177.066,
      "param_mse_theory": 4935499533062.236,
      "param_mse_rel": 6363978511535.147,
      "W_norm2": 0.776658833026886,
      "sens_emp_mean": 0.02685773798885445,
      "sens_emp_p95": 0.03597729466855527,
      "clean_acc": 0.41130604288499023
    },
    "frac_0.7": {
      "T_k_avg": 161.0,
      "sigma_dp": 25090.396602407494,
      "sens_bound": 5178.824584770749,
      "param_mse": 2512580171530.24,
      "param_mse_theory": 2518112006664.4062,
      "param_mse_rel": 3913844037212.3374,
      "W_norm2": 0.6419724822044373,
      "sens_emp_mean": 0.01931300454773009,
      "sens_emp_p95": 0.025545496679842475,
      "clean_acc": 0.42884990253411304
    },
    "frac_1.0": {
      "T_k_avg": 231.0,
      "sigma_dp": 17487.246116829465,
      "sens_bound": 3609.483801506886,
      "param_mse": 1222241174596.2666,
      "param_mse_theory": 1223215107002.2688,
      "param_mse_rel": 2103808671855.2708,
      "W_norm2": 0.5809659361839294,
      "sens_emp_mean": 0.013546128322680791,
      "sens_emp_p95": 0.017613013647496702,
      "clean_acc": 0.42884990253411304
    }
  },
  "3": {
    "_B": 66.56327514648436,
    "_d_feat": 1000,
    "frac_0.1": {
      "T_k_avg": 23.0,
      "sigma_dp": 167513.3134591338,
      "sens_bound": 34575.861026259336,
      "param_mse": 111979671581272.75,
      "param_mse_theory": 112242840744232.06,
      "param_mse_rel": 60443230799802.26,
      "W_norm2": 1.8526420593261719,